﻿"Report Name: AccountPerformanceReport"
"Report Time: 10/1/2016"
"Time Zone: (GMT+08:00) Beijing, Chongqing, Hong Kong SAR, Urumqi"
"Last Completed Available Day: 10/19/2016 3:25:00 AM (GMT)"
"Last Completed Available Hour: 10/19/2016 3:25:00 AM (GMT)"
"Report Aggregation: Daily"
"Report Filter: "
"Potential Incomplete Data: false"
"Rows: 27"

"AccountId"	"AccountName"	"AccountNumber"	"AdDistribution"	"DeviceOS"	"Device type"	"CurrencyCode"	"Network"	"TopVsOther"	"AverageCpc"	"Impressions"	"Clicks"	"Spend"	"GregorianDate"
"123456"	"Demo"	"B1234567"	"Search"	"Unknown"	"Computer"	"USD"	"Bing and Yahoo! search"	"Bing and Yahoo! search - Top"	"0.29"	"289"	"10"	"2.91"	"10/1/2016"

"©2016 Microsoft Corporation. All rights reserved. "
