﻿Type	Status	Id	Parent Id	Sub Type	Campaign	Ad Group	Website	Sync Time	Client Id	Modified Time	Tracking Template	Custom Parameter	Final Url	Mobile Final Url	Time Zone	Budget Id	Budget Name	Budget	Budget Type	Bid Strategy Type	KeywordVariantMatchEnabled	Campaign Type	Priority	Start Date	End Date	Network Distribution	Pricing Model	Ad Rotation	Search Network	Search Bid	Content Network	Content Bid	Language	Title	Text	Display Url	Destination Url	Business Name	Phone Number	Promotion	Editorial Status	Editorial Location	Editorial Term	Editorial Reason Code	Editorial Appeal Status	Device Preference	Ad Format Preference	Title Part 1	Title Part 2	Path 1	Path 2	Keyword	Match Type	Bid	Param1	Param2	Param3	Target	Physical Intent	Bid Adjustment	Radius Target Id	Name	OS Names	Radius	Unit	Business Id	From Hour	From Minute	To Hour	To Minute	Version	Ad Schedule	Use Searcher Time Zone	Sitelink Extension Order	Sitelink Extension Link Text	Sitelink Extension Destination Url	Sitelink Extension Description1	Sitelink Extension Description2	Geo Code Status	Map Icon	Business Icon	Address Line 1	Address Line 2	Postal Code	City	State Or Province Code	Province Name	Latitude	Longitude	Country Code	Call Only	Call Tracking Enabled	Toll Free	Alternative Text	Media Ids	Publisher Countries	Store Id	Product Condition 1	Product Value 1	Product Condition 2	Product Value 2	Product Condition 3	Product Value 3	Product Condition 4	Product Value 4	Product Condition 5	Product Value 5	Product Condition 6	Product Value 6	Product Condition 7	Product Value 7	Callout Text	Action Text	Action Link Url	Is Exact	Source	Url	Structured Snippet Header	Structured Snippet Values	Spend	Impressions	Clicks	CTR	Avg CPC	Avg CPM	Avg position	Conversions	CPA	Quality Score	Keyword Relevance	Landing Page Relevance	Landing Page User Experience	App Platform	App Id	Tracking Enabled	App Status	Error	Error Number	Field Path	Is Excluded	Parent Criterion Id	Remarketing List	Remarketing List Id	Scope	Membership Duration	UET Tag Id	Description	Remarketing Rule	Remarketing Targeting Setting	Domain Language	Dynamic Ad Target Condition 1	Dynamic Ad Target Condition 2	Dynamic Ad Target Condition 3	Dynamic Ad Target Value 1	Dynamic Ad Target Value 2	Dynamic Ad Target Value 3
Format Version																																																														4.0																																																																																														
Account		12345678	12345678901					10/14/2016 07:32:18																																																																																																																																																				
Keyword	Active	11463267	2643064800		_ AT a +Abendkleider SOD ~JS~ wmobile	Abschlussballkleider+				05/25/2016 04:46:45.827																																										abschlussballkleider																																																																				0.89	120	2	1.67	0.44	7.40	2.53	0	0																												
Keyword	Active	11509758	5073366591		RLSA _ US a+ [Homecoming Dresses] HD -cm ~JS~	" +[Homecoming Dresses]"				08/04/2016 11:00:11.823																																										" +homecoming +dresses"																																																																				7.06	354	9	2.54	0.78	19.94	6.82	0	0																												
